Country_Name,Location
Tokelau,South Randyhaven
Taiwan,Callahanside
Greenland,Lake Calebchester
Senegal,New Paul
Serbia,Andreton
Nepal,West Carlos
Malta,Port Margaret
Liberia,North Paul
Norway,Lukebury
United States of America,Moralesberg
Kyrgyz Republic,North Jessica
Macao,East Melissamouth
Kenya,Lake Ryanmouth
Tanzania,Anthonymouth
Spain,Thompsonview
Gabon,Browningtown
Saint Pierre and Miquelon,Patelstad
Reunion,New Kyleburgh
Montenegro,Michelleport
Spain,New Eric
Libyan Arab Jamahiriya,Webbport
Switzerland,East Josephberg
Malta,New Dominiqueberg
Iceland,North Paultown
Germany,East Michaelport
Guadeloupe,East Amyborough
Nicaragua,New Bruce
Russian Federation,Woodton
Chile,Port Ryan
Uganda,Lake Sydney
Malaysia,Cherryfort
Bermuda,Crossland
Cote d'Ivoire,Nixonburgh
Kenya,Jonesfort
Suriname,Rodriguezview
Kazakhstan,North Jeffrey
Christmas Island,Michaelport
Chad,East Kyle
Mexico,New Pamela
Myanmar,East Sandrachester
Jersey,Gomezborough
French Guiana,Tonyberg
Kiribati,West Michaelshire
Saint Helena,Morrisonbury
Canada,South Christopher
Vietnam,South Kelly
Ecuador,Port Jose
Slovenia,South Masonville
Saint Martin,Lake Gilbert
Samoa,Barnesberg
Anguilla,South Travisbury
Jersey,East Alexischester
Djibouti,Rachelfort
Malaysia,Yatesview
Burundi,Adamsland
Angola,Port Alan
Netherlands,Port Tylerstad
Falkland Islands (Malvinas),Phillipsfort
Maldives,East Shelbytown
Iceland,North Troytown
Uganda,Heathstad
Denmark,Ericksonburgh
Malaysia,Bondmouth
Poland,Wolfhaven
Bahamas,South Erinland
Pakistan,Atkinsfurt
Macao,New Michael
Chad,West Christopher
Angola,Wandatown
Uruguay,Lake Aaronmouth
Iceland,Beckertown
Algeria,North Marioburgh
United Kingdom,South Natasha
Lesotho,Martinezland
Congo,Hodgesside
Uganda,Tonishire
Sao Tome and Principe,Gilestown
Kenya,West Harryborough
Armenia,Brooksmouth
Vietnam,Kathrynton
United States of America,Port Rhonda
Brazil,Lisachester
Malawi,Robertsonton
Palestinian Territory,Port David
United States of America,Whitechester
Tanzania,Traciborough
Saint Pierre and Miquelon,North Jaclynborough
Cape Verde,West Brian
Lesotho,West Tonya
Vanuatu,Coxhaven
Finland,Port Amanda
British Indian Ocean Territory (Chagos Archipelago),New Jose
Azerbaijan,South Jessica
British Indian Ocean Territory (Chagos Archipelago),Bryanchester
Vietnam,Davidfurt
Niue,East Alexishaven
Mayotte,North David
Gambia,Elizabethmouth
Sri Lanka,Kimberlychester
Ethiopia,Peterstad
Anguilla,Whiteheadbury
Cambodia,Port Jamestown
Angola,New Dennisville
Norway,Victorland
Costa Rica,Sarahport
Luxembourg,Floreston
Pitcairn Islands,Victoriamouth
Gambia,West David
Botswana,South Margaret
Myanmar,Cainstad
North Macedonia,South Catherine
Kyrgyz Republic,Gentrymouth
Guadeloupe,Cruzside
Brunei Darussalam,Nathanmouth
Georgia,Port Jesseshire
Switzerland,Trujillostad
Chad,Francoville
Egypt,Nguyenburgh
Hungary,Heatherfurt
Mozambique,South Jessicashire
Bulgaria,North Bradley
San Marino,New Ralph
Uzbekistan,South Amybury
Namibia,Colemanshire
Jamaica,East Melissa
Tanzania,Lake James
Slovakia (Slovak Republic),East Kevinshire
Wallis and Futuna,West Noahside
Andorra,New Kendrahaven
United Kingdom,Lake Michael
Nepal,Landryton
Moldova,Port Amberfort
Burundi,Sullivanland
Netherlands Antilles,Garciastad
French Polynesia,West Lisa
Tokelau,Ericmouth
Gambia,South Richardbury
Yemen,New Marychester
Uganda,Lisachester
French Guiana,Victoriabury
Belize,Barnesview
North Macedonia,New Steven
British Virgin Islands,Kington
Kenya,Lake Judy
Bahrain,Derrickfurt
Fiji,Lake Jacqueline
Luxembourg,Milesshire
Tanzania,Lake Darlenetown
Syrian Arab Republic,Erinton
Dominica,Port James
Philippines,South Robert
Hungary,New Mark
Slovenia,South Victoria
Sri Lanka,South Robertview
Greece,Marissatown
Tanzania,Barrettbury
Turkey,Nicoleburgh
Norfolk Island,Changberg
Samoa,Myersborough
Iraq,Nashhaven
Canada,Port Jonathanbury
Somalia,Michelleville
Argentina,South Patricia
Romania,New George
Heard Island and McDonald Islands,South Lindsay
Bermuda,North Desireeport
Bolivia,Lake Annaborough
Sierra Leone,West Samantha
Saint Kitts and Nevis,South Jodybury
Burundi,East Charlene
Afghanistan,Mccartyport
Canada,Willisbury
Belgium,Lake Mandyside
Timor-Leste,New Ellenburgh
Reunion,Lake Gregory
Guadeloupe,Port Alexismouth
Switzerland,South Aaron
Israel,South Michael
Lao People's Democratic Republic,Ramirezshire
Netherlands,Scottchester
Romania,New Sandra
Armenia,Lake Kellyland
Martinique,Lake Clintonshire
Chad,Snyderfurt
Malawi,Brandonville
Cuba,North James
Saint Barthelemy,South Annfurt
Uzbekistan,Williamland
Saint Lucia,South Timothyburgh
Reunion,New Jamesport
Brazil,Nicholasport
Finland,Kennedyburgh
Isle of Man,Ericview
Montserrat,Watkinsside
Denmark,Adrienneberg
Romania,Brooksview
British Virgin Islands,New Jonathan
Cuba,Rayburgh
United Arab Emirates,East Sandramouth
Vanuatu,Katherineshire
Chile,North Terristad
New Zealand,Port Kathleenport
Maldives,New Denisebury
Israel,New Sabrina
Guadeloupe,Hannahside
Vanuatu,Farrellburgh
Central African Republic,Tatemouth
Bangladesh,Hunttown
Australia,Lake Sandrafort
Tunisia,Kristinchester
United States Minor Outlying Islands,Brookston
Syrian Arab Republic,Jonesshire
Chile,Bushport
Costa Rica,Clarkfurt
Somalia,Scottton
Palestinian Territory,Carolinefort
Tonga,Chavezstad
Vietnam,West Sharon
Mexico,South James
Comoros,Port Heatherport
China,Johnsonport
Mauritius,Knoxtown
Saint Lucia,Meganport
Portugal,Lisastad
Uzbekistan,West Brandonhaven
Gambia,Josephburgh
Brazil,New Natalie
Rwanda,Stevenborough
Croatia,Lake Linda
Northern Mariana Islands,Lake Walter
Cote d'Ivoire,Moorechester
Slovakia (Slovak Republic),West Scott
Bouvet Island (Bouvetoya),West Nathan
Montserrat,West Elizabethfort
Bolivia,Townsendtown
Slovakia (Slovak Republic),East Nicole
Libyan Arab Jamahiriya,Port Kelly
Mozambique,West Katiemouth
Korea,Port Tracystad
Iran,Kimberlymouth
Estonia,Brookechester
Yemen,Jordanburgh
Saint Barthelemy,Lake Eddie
Seychelles,Hillburgh
Antigua and Barbuda,Robertborough
Antigua and Barbuda,Reyestown
Tuvalu,South Joshua
Timor-Leste,East Andreaborough
Honduras,Stewartfurt
Jordan,East Kevinmouth
Kiribati,New Ashley
Anguilla,New Kevin
Somalia,West Eric
Swaziland,Hugheshaven
Cape Verde,Ravenchester
Tunisia,Greenmouth
New Caledonia,Hutchinsonmouth
Slovakia (Slovak Republic),Melissamouth
Chad,Collinsfurt
El Salvador,Larrymouth
Sweden,West Jack
Heard Island and McDonald Islands,Samuelchester
Burundi,Dominguezside
Canada,Sarahmouth
Malaysia,Lake Ryan
Iran,Aliberg
Norway,Millsbury
Austria,Lewisside
Tajikistan,West Timothy
Trinidad and Tobago,East Nataliehaven
Liberia,West Michael
Morocco,West Kimbury
Marshall Islands,Maddenville
Malawi,New Adrian
Cook Islands,Williamsmouth
Niger,East Danahaven
Saint Vincent and the Grenadines,Whitemouth
Tajikistan,West John
Dominican Republic,Adamchester
Guinea,Lake Nathanville
Somalia,North Amyburgh
Saint Lucia,Lake Amytown
Korea,East Aaron
Dominica,North Robert
Turkey,Alexanderhaven
Bosnia and Herzegovina,East Connorbury
Guatemala,Joshuaville
Palau,Wardshire
Bolivia,East Pamela
Cocos (Keeling) Islands,West Kristinside
Mexico,North Jamesside
Swaziland,New Moniquefort
Bermuda,Lewishaven
Estonia,Hoodton
Estonia,Jeffreychester
Christmas Island,North Andrewmouth
Niger,Thomashaven
Bolivia,Taylorborough
Australia,North Ryanland
North Macedonia,Glovershire
Vietnam,South Chelseachester
Iraq,South Lee
Benin,New James
Iran,Lauramouth
Falkland Islands (Malvinas),Port Carrie
Liberia,Mccormickchester
Maldives,East Colleen
Azerbaijan,Timothymouth
Tuvalu,Padillaville
Turkey,North Joshuaburgh
Svalbard & Jan Mayen Islands,Port Geraldmouth
El Salvador,Paynefurt
Somalia,South Patrickmouth
Kazakhstan,Juanport
Netherlands Antilles,Port Christy
Dominica,Lake Michelle
Pakistan,Aaronshire
Equatorial Guinea,Michaelton
Cameroon,Maryport
Tokelau,South Cindy
Bulgaria,Harrismouth
Martinique,East Brittanyshire
Kuwait,Brownton
Benin,West Ericport
Gambia,Loganburgh
American Samoa,Jaclynport
Guyana,New Pamelaport
Austria,North Derrick
Cook Islands,Sarahborough
Cook Islands,Victorialand
Hungary,Port Stevenberg
Nepal,South Rachel
Algeria,East Brandonville
Mexico,Mccartymouth
Antarctica (the territory South of 60 deg S),North Jenniferport
Myanmar,Deleonfort
Nigeria,East Connieport
Falkland Islands (Malvinas),Port Richard
United States Minor Outlying Islands,West Jamie
Antarctica (the territory South of 60 deg S),East Karen
Bhutan,New Alexandratown
Jordan,Stricklandside
Nigeria,North Cheryl
Hungary,Lake Xaviermouth
Serbia,Frenchport
Netherlands Antilles,New Bradley
Hong Kong,North Reneeburgh
Brazil,Nelsonfort
American Samoa,Riosberg
Seychelles,New Michellefurt
Turks and Caicos Islands,North Corey
Vanuatu,East Corybury
United Arab Emirates,Harrisville
Togo,Davidburgh
Nicaragua,Watkinsport
Sudan,New Paulton
Wallis and Futuna,Frankchester
Cote d'Ivoire,East Karenburgh
Kyrgyz Republic,New Stevenville
Argentina,Robinborough
Cape Verde,Danielland
Hong Kong,South Deniseton
New Caledonia,Richardshire
Puerto Rico,South Dawnbury
Finland,Alvaradoburgh
Hungary,Bradyside
Bolivia,Farmerfort
Nepal,Lake Davidside
United States of America,Weeksbury
Malta,Michaelview
Qatar,West Timothyborough
Mongolia,Port James
Swaziland,Jamesside
Reunion,Trantown
Jersey,New Brittany
Guinea-Bissau,Medinaport
Reunion,East Timothymouth
Cape Verde,Brewerchester
Haiti,Maryside
Panama,Allisonport
Morocco,Denisefort
Tajikistan,Stevenbury
Western Sahara,Lake Alexanderberg
Greece,Garrettland
Saudi Arabia,Lake Carlostown
Tajikistan,East Donnaview
British Indian Ocean Territory (Chagos Archipelago),South Timothy
Haiti,Joshuastad
Malaysia,Port Jefferyland
Svalbard & Jan Mayen Islands,Millertown
Saint Martin,Rogersfort
Tokelau,South James
Ecuador,Port Victoriashire
Uganda,South Jacob
Philippines,Joseview
Liberia,Cunninghamton
Egypt,Briantown
South Africa,West Marktown
Venezuela,South Marcusmouth
Argentina,Summerfort
Saint Barthelemy,New Carla
Luxembourg,Martinburgh
Rwanda,Cooperland
Marshall Islands,Kellyfurt
Canada,Kimberlystad
Ukraine,Shawnfurt
France,Dalefort
Czech Republic,Port Danabury
Kiribati,Santanaton
Bahamas,Mckinneyhaven
Jersey,Leeside
Micronesia,Lake Kathryn
Guinea-Bissau,Lake Joshua
Korea,Kanefort
Svalbard & Jan Mayen Islands,Port Stevenborough
Ethiopia,Port Jonathanstad
Trinidad and Tobago,Wardmouth
Japan,Port Andreaberg
Canada,Ronaldtown
American Samoa,New Abigailmouth
Turkmenistan,Grahamville
Sao Tome and Principe,Lopezton
Nepal,Port Gerald
Saint Martin,North Jeffton
French Southern Territories,Lake Jeffrey
Germany,Shawnshire
Rwanda,Garzafurt
Liberia,Lake Whitney
Poland,Gillfurt
Solomon Islands,West Davidfurt
Belgium,Rodriguezton
Guam,North Jamesmouth
Sweden,Wrighthaven
Cyprus,New Heatherchester
Ghana,Lyonsville
Grenada,Sharifort
Montserrat,Montgomeryport
Brazil,Port Edwardton
Australia,Deniseborough
Mali,Nielsenborough
Burundi,Bennetthaven
Nauru,Port Wesleyhaven
Croatia,East Devinville
Andorra,Jenniferside
Ethiopia,South Brittany
Ghana,Ramirezborough
Jersey,North Timothyburgh
Saint Martin,Nicholemouth
India,West Alyssaburgh
Samoa,Schwartzview
Saint Helena,Bryanland
Indonesia,Jarvismouth
Estonia,Port Shawn
Guinea,Rothton
Reunion,Stephanieburgh
Slovakia (Slovak Republic),Port Kylefurt
Pakistan,Spearschester
Bhutan,Robertmouth
Guam,South Christineview
United States Minor Outlying Islands,Lake Melissamouth
Benin,Aliciaborough
Tajikistan,Maldonadoville
Cote d'Ivoire,South Claudiaville
Latvia,Laurenstad
Lebanon,North Davidmouth
Western Sahara,Ambermouth
American Samoa,Christopherbury
Kenya,Santosbury
Togo,Jeremyburgh
Gambia,Robertmouth
Finland,North Susanchester
Sierra Leone,West Matthewshire
Thailand,Perezville
Saint Lucia,Joshuaburgh
Croatia,Browningstad
Austria,North Tylerburgh
Puerto Rico,Port Patty
Lithuania,Lake William
Saint Helena,Maldonadoburgh
Sudan,Jacksonburgh
Congo,West Charles
Canada,North Jackville
United Arab Emirates,Aguilarfort
New Zealand,Port Ginaberg
Netherlands Antilles,South Brian
Guinea,Jackmouth
Bahrain,Simpsonborough
Belize,North Mitchellton
Cameroon,Lake Rebeccamouth
Korea,Williamsport
Macao,West Samuel
Bahamas,Garciaville
Azerbaijan,Sarahport
Chile,Theodoreberg
Fiji,Johnsonview
Lithuania,Pollardview
Namibia,Angelashire
Niger,Annettebury
Germany,South Bryan
Jamaica,New Jacquelinehaven
Antarctica (the territory South of 60 deg S),Port Stevenside
Egypt,Swansonmouth
Ghana,Stricklandton
Iran,Kellybury
Brunei Darussalam,Earlville
Cyprus,Chapmanshire
Puerto Rico,Matthewborough
Nicaragua,Emilystad
Gabon,Jonathanland
Antigua and Barbuda,Lake Patty
Puerto Rico,Evansshire
Uruguay,Port Davidside
Oman,West Danieltown
El Salvador,Cameronville
Netherlands,East Amanda
Chile,East Antonio
Western Sahara,Kaylaville
Rwanda,Patrickburgh
United States of America,Hughesland
United Arab Emirates,Parkerstad
Guinea,Johnport
Niger,Carlabury
Guatemala,North Matthewview
Iceland,Grantborough
Saint Lucia,South Jamesbury
Sweden,South Michaelton
Greece,Lake David
Grenada,South Evan
Slovakia (Slovak Republic),Meganton
France,Martinezbury
Aruba,South Danielmouth
Belgium,East Stevenmouth
French Guiana,Vangmouth
British Indian Ocean Territory (Chagos Archipelago),South Mark
China,Lake Mallory
Cambodia,Linborough
Congo,Wiseville
United States Virgin Islands,Thomasmouth
Australia,Woodhaven
Gambia,East Matthewbury
North Macedonia,Shawshire
Canada,South Angelamouth
Niue,South Lance
Madagascar,Torresburgh
Anguilla,Kerrhaven
United States Minor Outlying Islands,North Daniel
Maldives,Williamsburgh
El Salvador,Stewartland
Pakistan,Hensonburgh
Guernsey,Stephanieland
Saint Vincent and the Grenadines,Sarahton
Liechtenstein,Ballstad
Central African Republic,New John
Italy,Romeromouth
Iraq,South Joshuaville
Sao Tome and Principe,Kariborough
Burkina Faso,Port Willieville
Antarctica (the territory South of 60 deg S),Lake Thomasport
Saint Lucia,South Michaelview
Antarctica (the territory South of 60 deg S),Alexisland
Botswana,Halltown
Liechtenstein,Coxborough
Nigeria,Smithshire
Mexico,Gibsonchester
Maldives,West Brandon
New Caledonia,South Joseph
South Africa,Michealstad
Poland,Julieview
Nigeria,Pereztown
Estonia,West Kevinburgh
Bahamas,Smithshire
Northern Mariana Islands,Rachelport
Brazil,Amandashire
Uzbekistan,Tamaraside
Guernsey,North Adriana
Cape Verde,Amyport
Barbados,Elizabethfort
Turks and Caicos Islands,Williamsport
Lao People's Democratic Republic,South Christinestad
Iceland,Robertchester
Montserrat,West William
Bahamas,Joshuahaven
Cook Islands,Ericabury
Argentina,New Brianmouth
Anguilla,New Brianna
Uzbekistan,Port Aaron
Montserrat,Port Natasha
Congo,West Melissa
Sweden,East Diane
Guernsey,Port Jacobtown
Malaysia,Rhodesfurt
Djibouti,Lake Miguel
Iceland,Alexanderberg
South Georgia and the South Sandwich Islands,East Tim
Jersey,Jefftown
Qatar,Freemanfurt
Albania,West Johnport
Saudi Arabia,Cassandraville
Western Sahara,North Robert
Monaco,Lake Karinastad
Albania,Lauraton
French Guiana,Danielsberg
Thailand,Loganshire
Barbados,North Jessicafurt
Mongolia,South Meganburgh
Korea,Johnshire
France,Lake Bradleybury
Antigua and Barbuda,New Travisview
Lesotho,Lake Joshuatown
Paraguay,Juanside
Guyana,Ernestfort
Sudan,West Joannville
Malaysia,East Kelly
Latvia,Murphyport
Canada,Barronborough
British Virgin Islands,North Rebeccamouth
Pakistan,New Julieton
Guatemala,Crystalstad
Madagascar,Dunnville
Burundi,Whiteview
Tunisia,North Timothy
Bangladesh,North Devin
Canada,West Meganhaven
Isle of Man,West Courtneyview
Congo,New Christina
Kuwait,Banksside
Luxembourg,Bentonport
Kiribati,South Todd
Papua New Guinea,North Marc
Qatar,Graceton
Luxembourg,Lake Seanfort
Hungary,Lake Alyssahaven
Madagascar,Stevenbury
Hong Kong,Frederickchester
Philippines,New Luke
Seychelles,East Emilyshire
Austria,Breannaton
Guernsey,Cheyenneton
Saint Kitts and Nevis,West Williamhaven
Heard Island and McDonald Islands,Ayersbury
Armenia,Port Chelsea
Western Sahara,Morrowtown
Estonia,North Sarahberg
Mongolia,Whitemouth
Barbados,Port Yvettemouth
Hong Kong,Gomezland
Bouvet Island (Bouvetoya),Ethanborough
Zambia,West Anthony
Montserrat,Rothshire
North Macedonia,Lewisfurt
American Samoa,Ayalachester
Somalia,Dawnport
Micronesia,Greerfurt
Andorra,Andreabury
Vanuatu,New Brittany
Congo,New Dawn
Grenada,Hernandezmouth
Solomon Islands,Frankville
Guernsey,Jonesview
Mayotte,West John
India,Williamfort
Korea,New Cody
Christmas Island,Jasonton
Albania,Patriciastad
Lebanon,Timothyburgh
Albania,Lake Ryanbury
Cuba,Tinabury
Ghana,Marystad
Suriname,Kevinmouth
Slovakia (Slovak Republic),Williamston
Armenia,East Nataliechester
Comoros,Stephanieton
Micronesia,Lake Jenniferburgh
South Africa,Adamsside
Nigeria,Maryland
Tajikistan,Smithchester
Timor-Leste,Onealbury
Bahamas,East Jimmy
Vanuatu,New James
Malta,Brauntown
Oman,Loweberg
British Virgin Islands,Port Alexmouth
Aruba,Nancymouth
Palestinian Territory,North Thomas
Taiwan,Amandaside
Thailand,Lake Brandon
Botswana,Carolineborough
Sri Lanka,Brianton
Wallis and Futuna,Port Ashley
Italy,North Emily
Ukraine,Port Wesley
Turkey,Lake Angelica
Algeria,Mejiaview
British Virgin Islands,Shannonhaven
Antigua and Barbuda,New John
Gambia,Christinafurt
Central African Republic,Karahaven
Martinique,Gregoryfurt
Liberia,Port Moniquemouth
Algeria,Catherineton
Holy See (Vatican City State),East Nicolemouth
Cote d'Ivoire,Christianport
Liechtenstein,West Brittanyberg
Liberia,Wadeborough
Mali,Duncanton
Kenya,Jenniferchester
Belgium,New Morgan
Mongolia,Nguyenville
Kyrgyz Republic,North Kristinaville
Micronesia,West Christopherstad
Tanzania,Port Johnville
Wallis and Futuna,Port Alexanderfurt
Nepal,Cunninghamton
Australia,Port Justinland
Botswana,Lake Brian
Australia,Leslieburgh
Bermuda,North Sharon
Rwanda,Lisafurt
Lebanon,Bryantport
Comoros,East Cindy
Mauritania,New Doris
Algeria,Westmouth
Malta,Leeberg
Estonia,Port Ericstad
Australia,Port Davidborough
Sri Lanka,Linville
United States Minor Outlying Islands,Port Monica
Sri Lanka,North Theodore
Comoros,Lake Aliciaburgh
Burkina Faso,Amymouth
Liechtenstein,Freemanview
Burundi,West Jamie
Macao,Carrollfurt
Venezuela,Molinamouth
Guadeloupe,Thomasmouth
Guadeloupe,Candaceview
Mauritania,South Tammy
Pitcairn Islands,Jonathanstad
Saudi Arabia,West Deborahfort
India,Lake Daniel
Serbia,South Brianshire
South Georgia and the South Sandwich Islands,North Pedro
Congo,Jonesmouth
Saint Martin,Port Kellymouth
Central African Republic,East Timothy
French Guiana,Heatherview
Rwanda,Kennedyview
Chile,Samuelland
Equatorial Guinea,West Shane
Turkmenistan,Deanfort
Belarus,West Gregory
Saint Barthelemy,Saundersville
Ukraine,North Kevinfurt
Qatar,North Hectorchester
Netherlands Antilles,Bakerchester
Cayman Islands,Jenniferfort
Rwanda,Port Jasmine
Martinique,Andersonton
Svalbard & Jan Mayen Islands,Port Jessica
Malawi,East Michelleview
Montserrat,North Heather
Georgia,Patriciaside
Greenland,Bradshawberg
Tajikistan,Hermanport
Slovakia (Slovak Republic),Sandramouth
Bulgaria,Tranhaven
Samoa,New Sonya
Guatemala,Coxton
Trinidad and Tobago,Joshuaberg
Cambodia,Paulfurt
Greenland,North Lauren
Saint Barthelemy,Foxburgh
Barbados,South Brucestad
Cote d'Ivoire,New Jennifer
Denmark,West Kerryland
Burkina Faso,North Taylorport
Uzbekistan,Lake Hannah
Rwanda,Joshuaberg
Ghana,South Meghanton
Honduras,Lake Christina
Malaysia,Fernandobury
Tanzania,Adamsshire
Azerbaijan,Walkerbury
Belarus,West Ashley
Croatia,New Joshua
Vietnam,Port Carolmouth
Australia,East Keithton
Namibia,Brucefort
Micronesia,Lake Cynthia
Haiti,Toddborough
Togo,South Laura
Belarus,Lake Sabrina
Peru,Jamestown
Togo,South Vickieview
Liechtenstein,South Larry
Mexico,Edwinside
Ethiopia,Hallland
Cuba,Lake Jamieside
Mexico,Lake Markview
British Virgin Islands,Sheltonmouth
Cocos (Keeling) Islands,South Nicolestad
Tuvalu,West Traceyborough
Tajikistan,New Stephenmouth
Montenegro,Jorgeburgh
Nauru,New Alexis
Nauru,Lake Marioborough
Argentina,Marcburgh
Saint Martin,Lake Suzanneland
Uganda,Burkebury
Slovakia (Slovak Republic),East Melissa
Egypt,New Luis
United Arab Emirates,Jeremyborough
Cuba,South Frankside
Saint Barthelemy,Barnesmouth
Cook Islands,Aprilmouth
Mauritius,Cohenburgh
Uganda,Sarahshire
Sweden,Danielston
Ethiopia,New Seanbury
Rwanda,New Reneeborough
Dominica,Lake Sethberg
Cyprus,Michaelmouth
Congo,East Jenniferberg
Nepal,New Melaniehaven
Zambia,Port Breanna
Lao People's Democratic Republic,North Donnaport
Estonia,New Michael
Guadeloupe,Ruthburgh
Czech Republic,North Joshuaside
Korea,North Kimberly
Denmark,New Kaitlinchester
Mauritania,East Julieburgh
Papua New Guinea,Jerryview
Djibouti,West Stacy
Nepal,Harrisonchester
Faroe Islands,Clarkton
Malta,East Christopherbury
Thailand,New Courtneyfort
Palestinian Territory,Nancymouth
Isle of Man,Kathleenborough
Iraq,North Williambury
Faroe Islands,Stanleyland
Dominica,Klineton
Sudan,Lisafort
El Salvador,Mcdanielchester
Trinidad and Tobago,Denisestad
Saint Lucia,Henryton
Cambodia,Dylanville
French Guiana,Mariahaven
Mozambique,New Julie
Slovenia,Muellerfort
Norfolk Island,Port Lindaberg
Nicaragua,East Eric
Malawi,Lucasmouth
Oman,Stephanieburgh
Moldova,Mendezmouth
Mauritius,New Angela
Anguilla,North Jay
New Caledonia,Brandonberg
Brunei Darussalam,East Catherinefurt
Lebanon,West David
Bosnia and Herzegovina,Jonland
Mauritius,East Meghan
Chile,Jennifermouth
Benin,Port Laurenhaven
Bolivia,Port Christinachester
Haiti,West Albertborough
Puerto Rico,North Bradley
United Kingdom,Meltonview
Tonga,South Tiffany
Malta,New Courtneyburgh
Ghana,North Shawnburgh
Congo,North Laurabury
Turkmenistan,North Sean
Congo,Smithfort
Mauritania,Reidchester
Cuba,South Marc
Kiribati,North Kyle
Angola,New Adamberg
Uganda,Mooreshire
Vietnam,Robersonbury
French Southern Territories,Lake Kaylafurt
Nauru,Hernandezside
Nigeria,Crystalmouth
Syrian Arab Republic,Ericmouth
Jordan,Susanburgh
Brazil,Andreamouth
Bouvet Island (Bouvetoya),Port Jeremy
Grenada,Raymondmouth
French Polynesia,Gregorytown
Guam,Brownshire
Jamaica,Millershire
Israel,South Morganland
Iran,West Alyssa
Italy,North Connorfort
Cote d'Ivoire,Lake Alexanderhaven
Malta,Ericafort
Mauritius,North Dawn
Monaco,South Ana
Kiribati,Campbellport
Philippines,Port Danieltown
Zambia,Johnsonshire
Martinique,Clarkview
Burundi,Andrewsfurt
Ghana,North Kristinfort
Angola,Lukeborough
Brunei Darussalam,Isaacview
Nepal,Port James
Sudan,South Kaylatown
Chad,New Wendy
Grenada,North Kellitown
Mayotte,Smithchester
Congo,Beardburgh
Kiribati,Port Claudia
British Virgin Islands,South Dominiquefort
Congo,North Teresa
Czech Republic,Cherylland
Cayman Islands,New Lindsayshire
Panama,New Marie
Kenya,Davisstad
Iceland,Smithville
Tunisia,Cummingsbury
Nicaragua,South Jimville
Equatorial Guinea,Lewisfurt
Malawi,West Joseph
Ecuador,Perezton
Nigeria,New Olivia
Cayman Islands,Port Jerry
Croatia,Kimberlytown
Somalia,New Patrickland
French Polynesia,Lake Taraville
Georgia,Kaitlynchester
Romania,Russellhaven
Macao,Alisonfurt
Kuwait,New Ian
Northern Mariana Islands,Howardstad
Cape Verde,Lawsonhaven
Hungary,North Jamieville
Bangladesh,Adamston
Uruguay,North Holly
Christmas Island,South Matthewshire
Norway,Port Jacqueline
Honduras,Port Brian
Togo,New Christopher
Sao Tome and Principe,South Pamelaberg
Mauritius,Mossbury
Saint Helena,Port Christinatown
Gibraltar,North James
Bhutan,New Michaelland
Bangladesh,Michaelville
Netherlands Antilles,Hamiltonberg
Canada,East Debra
South Georgia and the South Sandwich Islands,Judithburgh
Bhutan,Devonhaven
Ethiopia,Martinezstad
Kiribati,Johnsonmouth
Latvia,Port Josephshire
Svalbard & Jan Mayen Islands,Malloryview
Kenya,Lake Gregoryville
Samoa,Robinsonside
Malawi,Griffinside
Sierra Leone,Johnnyland
Montserrat,Diazstad
Oman,New Rebecca
Sao Tome and Principe,East Jessicaborough
Moldova,Susanberg
Greece,West Sara
Maldives,Aliciafurt
Bouvet Island (Bouvetoya),East Sherrifort
Singapore,North Wendy
Qatar,Jonathanland
Greece,Lake Angelaborough
Timor-Leste,North Charles
Kyrgyz Republic,Lake Mckenzie
Botswana,Carterchester
Congo,New Michelleborough
Palestinian Territory,Freemanfort
Paraguay,North Valerie
United States Virgin Islands,Webbhaven
Saint Helena,Craigchester
Belarus,North Sarahfurt
Sudan,South Aprilfort
China,Port Amber
Ecuador,New Bryan
Finland,Diamondberg
Western Sahara,Marktown
Aruba,South Marissatown
Singapore,Lindaton
Congo,East Doris
Papua New Guinea,New Melissa
Guadeloupe,Davidshire
Burkina Faso,Scottview
Serbia,Lake Kaitlinview
Saint Barthelemy,South Stephaniemouth
Japan,Kellyfurt
Gibraltar,Anthonyland
Turks and Caicos Islands,Lake Melissaberg
Thailand,East Jordan
Japan,East Ashley
Tokelau,South Jessicaview
Paraguay,Bestfurt
Madagascar,Lake Shane
Sierra Leone,Linbury
Malaysia,North Emilyshire
Honduras,Mariamouth
Ghana,Burketon
Belize,North Katherine
Sierra Leone,Toddshire
Fiji,Angelaside
Nigeria,Wallacechester
Bermuda,Williamshaven
Samoa,East Kristie
Grenada,Maryland
French Polynesia,Hendersonburgh
Ghana,Gonzalezton
Paraguay,Danielletown
Andorra,East Scotthaven
Monaco,Bradburgh
Romania,Lake Samantha
Cameroon,Port Angela
Poland,North Emilyhaven
Andorra,Wilsonport
Greenland,Port Krista
Croatia,Saraview
Haiti,East Nicolebury
Indonesia,South Christopher
Saint Martin,North Lauren
Ethiopia,Smithside
Montenegro,Martinland
Sudan,Jesseside
Chad,Crystalstad
Guadeloupe,New Timothy
Venezuela,West Mary
Kyrgyz Republic,North Elizabeth
Slovenia,Josephfurt
Guernsey,Schmidthaven
Lesotho,Port Megan
Saint Martin,Lake James
Morocco,East Brian
South Africa,Silvaburgh
British Indian Ocean Territory (Chagos Archipelago),North Joseph
Latvia,East Justinmouth
United Arab Emirates,New Jeffreyburgh
Uzbekistan,Quinnburgh
Tokelau,East Whitneyhaven
Senegal,Moniqueburgh
Burkina Faso,Bradleyton
Saudi Arabia,Martinview
Liechtenstein,Port Ianport
Jordan,Edwardmouth
Malawi,Mariaberg
Ireland,South Stephen
Canada,Webbshire
Jordan,Coxhaven
Senegal,Robertland
Botswana,Gibsonbury
Nepal,Tannerton
Bhutan,Lake Brandonchester
Bosnia and Herzegovina,Shannonbury
Mongolia,Port Rebecca
Sierra Leone,North Francisco
Bahrain,Lake Diane
Romania,West Jenniferland
Somalia,Port Russellmouth
Cuba,East Gregorymouth
Tanzania,Lake Yolandachester
Jamaica,New Courtney
Grenada,Lake Christy
Vanuatu,Lake Debbiemouth
Grenada,West Amy
Central African Republic,Christinabury
Nauru,Terryhaven
Italy,Colliertown
Guam,East Charles
Sri Lanka,South Chrisfort
Sierra Leone,Gilmoreton
Uzbekistan,Penaland
United Kingdom,Kirkview
Guinea,Port Craigmouth
Montserrat,North Michael
Bangladesh,Port Susan
Pitcairn Islands,Gutierrezberg
Moldova,Andersonstad
Guatemala,Port Alexisfurt
Italy,Lake Karen
Algeria,Jessicaville
Cameroon,Thompsonmouth
Papua New Guinea,North Crystal
Niue,Pricetown
Heard Island and McDonald Islands,Port Susan
Finland,Alexismouth
Qatar,Beverlyhaven
Georgia,Newmanstad
Niue,Port Colefort
Bosnia and Herzegovina,East Aliciaview
Sri Lanka,Port Ronaldtown
Somalia,East Deborah
Marshall Islands,Seanland
Egypt,Torreshaven
Mauritania,Lanemouth
Zimbabwe,Robertstad
Solomon Islands,Murphyfurt
Holy See (Vatican City State),Trujilloburgh
French Polynesia,Sullivanhaven
Malta,New Michaelside
Papua New Guinea,South Stevenchester
Saint Pierre and Miquelon,Port Edwinshire
Zimbabwe,Williamsport
Mexico,Jesuschester
Nepal,New Carrie
Oman,Lake Nicholas
Tonga,Port Stephenbury
Iceland,North Michaelport
Jamaica,Jonesville
Ecuador,Foxmouth
Austria,North John
Belize,North Karla
Burkina Faso,New Julie
Uganda,South Sarahtown
Lebanon,Kennethfurt
Ghana,West Johnfurt
Nicaragua,New Joseph
Kiribati,North Johnton
Ireland,Williamstown
Central African Republic,East Samanthaside
Sweden,Brownberg
Martinique,Fitzpatrickshire
Afghanistan,North Kimberlyberg
Taiwan,North Karina
Rwanda,Port Jeffrey
Guatemala,Prattside
Oman,North Anna
Netherlands Antilles,South Harry
Congo,Lake Jaredborough
Slovakia (Slovak Republic),East James
Slovenia,New Erica
Guernsey,Jillborough
Svalbard & Jan Mayen Islands,Dayside
Brunei Darussalam,Meganhaven
Brunei Darussalam,North Alexis
France,New Nicole
Liechtenstein,East Edward
Niger,Nicholsbury
Morocco,South Territon
Kiribati,New Jessicashire
San Marino,Lake Robertmouth
Panama,East Spencer
Tanzania,North Jessicaport
Venezuela,New Kimberly
Sao Tome and Principe,Johnsonshire
Ireland,Mcgeetown
Uzbekistan,East Nataliefort
Niger,North Kariborough
United States Virgin Islands,Vargasville
Rwanda,Jacobsview
Fiji,Port Donna
Peru,Lake Heathermouth
Armenia,Amandaview
Tonga,Morganmouth
Guam,New Andrewland
Anguilla,South Billy
Cook Islands,Jessicachester
Bolivia,Willieport
Cameroon,Hubermouth
Iceland,Whiteburgh
French Guiana,North Johnathan
Samoa,East Darylport
Nepal,Lake Wayne
United Kingdom,West Cynthialand
Kyrgyz Republic,Smithborough
El Salvador,Port Brandon
Cambodia,Colemanchester
Cocos (Keeling) Islands,East Rebeccastad
Guyana,Christopherburgh
Portugal,North Christopher
Mali,Coreyborough
Somalia,East Jason
Isle of Man,Ashleyside
San Marino,Sarahfort
Puerto Rico,Wigginsville
Guinea-Bissau,North Johnny
Luxembourg,West Sharonburgh
Niger,Kelleyport
Sweden,East Brendafurt
Serbia,Ricemouth
Cook Islands,Christinemouth
French Southern Territories,Goldenland
Nicaragua,Port Lindseyton
Denmark,Aguirreberg
Malawi,Port Paulaville
New Zealand,New Ian
Belarus,East Samanthaberg
Cyprus,Port Frank
Montenegro,Seanfurt
Sri Lanka,Walterburgh
United States Virgin Islands,Lake Ericaton
Zambia,North Phillipside
Albania,South Mark
Azerbaijan,West Savannahside
Georgia,Port Anthonyfort
Mexico,Williamview
Haiti,Patriciaport
Lao People's Democratic Republic,Ochoafurt
Australia,Lake Benjamintown
Kiribati,Michelleberg
Papua New Guinea,Lake Danielside
Palestinian Territory,Port Ronald
Falkland Islands (Malvinas),Leestad
Bahrain,Richardsontown
Suriname,East Amber
Albania,Gomezburgh
Norway,Ericafort
Lao People's Democratic Republic,Amyhaven
Netherlands,New Kylechester
Western Sahara,Port Diana
New Caledonia,Nicholasmouth
Cocos (Keeling) Islands,Brendashire
Bolivia,Toddfurt
Finland,Perezhaven
Pakistan,Kathleenhaven
Georgia,Paynehaven
Canada,East James
Sudan,Davidfort
Tunisia,Jasonside
Samoa,Lake Jennifer
Christmas Island,Hessmouth
Montenegro,Cantrellview
Sierra Leone,Port Melissa
Sudan,Brettport
Nauru,Vargastown
Botswana,East Andreastad
Macao,Knightland
Isle of Man,East Erikport
Panama,South Curtisside
Monaco,Lake William
Falkland Islands (Malvinas),New Kimberlyberg
Ecuador,Nicholsfort
Japan,East Brianburgh
Tuvalu,Smithshire
Jamaica,West Kelly
Trinidad and Tobago,Tammystad
Christmas Island,Port Christopher
Armenia,New Wayneshire
Togo,Alexandertown
Ecuador,Pachecohaven
Belgium,Rachelfurt
Colombia,Woodmouth
Mozambique,Christophermouth
Bouvet Island (Bouvetoya),Alyssaborough
Swaziland,East Carlos
Belgium,Kennethton
Spain,North Jenniferland
Paraguay,Jeffreyfort
Antigua and Barbuda,South Kelseychester
Estonia,Lake Jasonview
United Kingdom,Charlesview
Algeria,Anthonyshire
Antigua and Barbuda,North Chris
Norfolk Island,East Phyllis
Slovakia (Slovak Republic),Tammyport
Ireland,New Amanda
Belgium,Williamsonport
United States Minor Outlying Islands,North Joshuaborough
Myanmar,Melissahaven
Burkina Faso,Tiffanyview
Montserrat,Robertville
Namibia,Port Lynnview
Vietnam,Tiffanyborough
Equatorial Guinea,Boothside
Panama,Tonyaside
Botswana,Christopherchester
Austria,Lake Ruth
Tokelau,Vincentmouth
Puerto Rico,Lake Crystal
Cuba,Tammyport
Bahrain,New Brian
Botswana,New Jason
Austria,Lake Alexander
Sierra Leone,South Aaronhaven
Armenia,Lake Michelle
Tanzania,Port Shannon
Denmark,West John
Kuwait,Huntershire
Senegal,Lawrenceville
Yemen,Guzmanborough
Fiji,Lake Nancy
Armenia,Christopherport
Yemen,North Alyssa
Uzbekistan,Patrickborough
Niue,Jeffburgh
Japan,West Marie
Pakistan,Hallchester
French Guiana,North Madeline
Burundi,East Charles
Venezuela,Sherylborough
Micronesia,West Reginald
Niue,Hawkinsview
Liechtenstein,West Whitney
Falkland Islands (Malvinas),Gainesville
Gibraltar,Griffinshire
Burundi,Lake Sandraview
Mongolia,New Kevinmouth
Ukraine,Wendyland
Mexico,North Gregory
Tonga,East Troy
Western Sahara,Port Garyburgh
Pakistan,North Joshuaville
Norway,Reedbury
Palestinian Territory,West Kennethhaven
Zimbabwe,Jasonland
Egypt,Berrystad
Gambia,Lambchester
Uruguay,Josephfort
Dominica,Ericshire
Australia,Grossstad
Korea,Lake Gabrielleberg
Palestinian Territory,Ortizville
Papua New Guinea,Barnesberg
South Georgia and the South Sandwich Islands,Dyertown
Panama,Lake Bethview
Greece,Weberville
Cayman Islands,Port Jason
Guinea,Deborahview
Burkina Faso,Lake Ernestton
Ukraine,Ryanfort
Denmark,Shawport
Andorra,Port Kimberly
Cocos (Keeling) Islands,North Gina
Pitcairn Islands,Tanyaton
Chad,Smithshire
Guyana,West Johnmouth
Haiti,North William
Georgia,Lake Jackie
Bhutan,Williamsside
Papua New Guinea,Ericksonchester
Greece,North Leah
Northern Mariana Islands,East Taylorburgh
Ecuador,East Danielleside
Portugal,West Edwardside
Cape Verde,Markfort
Palau,West Taylor
Zambia,Lambton
Ethiopia,East Victoriabury
Grenada,Georgeport
Niue,East Victoria
Somalia,New Elizabeth
Belarus,South Breanna
South Africa,Ethanland
Philippines,South Curtis
China,Lake Jennifer
Grenada,Lake Brandon
Rwanda,New Kristin
Togo,Lake Joshua
Northern Mariana Islands,East Kennethport
Niger,Ramirezville
Oman,New Cody
Egypt,Ericmouth
Nepal,Spencermouth
Georgia,Port Stephanieville
Oman,West Michelemouth
Congo,East Donna
Czech Republic,Watsonland
Belize,New Carrie
Angola,Port Anthonyview
British Indian Ocean Territory (Chagos Archipelago),Spencerchester
Bangladesh,Shirleyville
Hong Kong,New Chad
Congo,West Gregory
Cyprus,New Brenda
Eritrea,Loriburgh
Saint Martin,Kaylaberg
Bahamas,Port Steven
Macao,Palmerfurt
Argentina,Clarkland
British Virgin Islands,Stoneside
Turks and Caicos Islands,East Maurice
New Zealand,South Zachary
Netherlands Antilles,Vasquezmouth
Micronesia,Amberberg
Moldova,Stephensberg
Cuba,Welchville
Sri Lanka,Thompsonborough
Djibouti,Kathleenmouth
Nigeria,South Barbara
Lithuania,Lake Kristiland
Ukraine,Riosfort
Niger,Annberg
Angola,Port Latoyatown
Namibia,New Dana
Samoa,Brandonfurt
Egypt,Williamsland
Grenada,New Michaelborough
Malaysia,East Richardbury
Comoros,Port Brian
Saint Pierre and Miquelon,Williamhaven
Jersey,Wilsonburgh
Korea,East Valeriehaven
French Guiana,Leetown
Ecuador,Steeleborough
Haiti,Amandaland
Guinea-Bissau,East Chad
British Virgin Islands,North Katherine
Burundi,New James
Holy See (Vatican City State),North Abigailport
Albania,East David
Namibia,Madisonshire
Bouvet Island (Bouvetoya),Berryfurt
Niger,South Sarahbury
Ghana,Gillespieborough
Liberia,Lake Anthonytown
Ghana,Longberg
Dominica,Johnmouth
Cambodia,Clarkstad
Botswana,Waltermouth
Armenia,Carriehaven
Paraguay,Barrymouth
United States Minor Outlying Islands,West Rachelland
Saint Pierre and Miquelon,Gutierrezchester
Saint Kitts and Nevis,East Amberbury
Oman,Jenniferport
South Africa,Oneillton
Tuvalu,Port Nathan
Greece,East Cynthia
Serbia,West Michaelshire
Bermuda,West Melissamouth
Falkland Islands (Malvinas),Williamschester
Switzerland,West Brianborough
Mexico,Chadville
Congo,Meganshire
Bhutan,Donnafurt
Congo,Steveton
Madagascar,New Manuelville
Philippines,West Michaelfurt
Venezuela,New Jose
Pitcairn Islands,North Kristinaland
Kyrgyz Republic,East Jillian
Malaysia,North Johnville
Burkina Faso,East Robert
Greenland,South Steven
Eritrea,Woodview
Croatia,South Todd
Kazakhstan,East Johnland
Saint Barthelemy,South Benjamin
Mauritania,Torreston
Fiji,Jeffreyville
United Arab Emirates,New Manuelfort
China,Port Ninaburgh
South Africa,New Yolanda
Australia,West Nina
British Virgin Islands,Annafort
Somalia,East Eric
Barbados,Wilsonberg
Svalbard & Jan Mayen Islands,Brianchester
Zimbabwe,Maryside
Maldives,Port Hollystad
Georgia,Bondhaven
Netherlands Antilles,West Allisonchester
Bouvet Island (Bouvetoya),North Joseph
Slovenia,Gutierrezfort
Iran,Benjaminport
Kyrgyz Republic,West Markborough
Lithuania,Burtonchester
Turks and Caicos Islands,Millston
Maldives,Kennethport
Reunion,West Andreafurt
Sudan,Murphyfort
Mali,South Philip
Albania,Wufort
Paraguay,South Christian
Hong Kong,Millermouth
Georgia,Port Janet
India,Davidbury
Lithuania,New Michael
Indonesia,Davisfurt
Liechtenstein,North Alexishaven
South Georgia and the South Sandwich Islands,Lake Rebeccabury
Liechtenstein,East Laura
Georgia,Lake Faith
Guernsey,Lisahaven
Guinea,South Jefferyburgh
Belarus,Jamiestad
Pitcairn Islands,New Markside
Belize,Port Craig
Vanuatu,Obrienton
Tuvalu,Andreaberg
Bhutan,Douglaston
Isle of Man,Lake Robert
Belize,Port Laurieshire
Falkland Islands (Malvinas),Victoriaview
Taiwan,West Anthonychester
Luxembourg,North David
Indonesia,South Brent
Bolivia,Desireestad
Costa Rica,West Robertmouth
French Polynesia,Villanuevabury
Hungary,Andersonfurt
Saint Vincent and the Grenadines,New Maureenburgh
Yemen,Christopherstad
Bahrain,West Kimberlyberg
Botswana,New Andrewfurt
Brunei Darussalam,North Beth
Jersey,West Tracey
French Guiana,Sharontown
Angola,Christineville
Monaco,Gonzaleshaven
Rwanda,Richardshire
South Africa,South Sharonton
Romania,South Davidfort
Oman,Erinshire
Liberia,Port Jessicabury
Swaziland,Sancheztown
Seychelles,Port Jo
Georgia,Mariatown
Mali,Pamtown
Dominican Republic,Shannonland
Liechtenstein,East Dalton
France,South Megan
Oman,East Michaelberg
Svalbard & Jan Mayen Islands,New Lauriemouth
Sweden,Gonzalezberg
Russian Federation,Jasonburgh
Bosnia and Herzegovina,West Daisy
North Macedonia,New Rebeccaport
Montenegro,Cheryltown
Germany,South Marystad
Sierra Leone,East Timothyville
Oman,West Joseph
Rwanda,Port Madison
Turks and Caicos Islands,Rachelfort
Hungary,Bennettstad
Latvia,Timland
France,Lake Hollyfurt
Saudi Arabia,East Michele
Kyrgyz Republic,South Jeffreyton
Spain,New Elizabeth
Antigua and Barbuda,West Davidbury
Seychelles,Port Kevinfurt
Korea,Lake Kathleenview
Azerbaijan,Port Justin
Thailand,Lake Donna
Eritrea,New William
Seychelles,Port Rebecca
Dominica,New Josephton
Pitcairn Islands,South Keith
Ireland,East Steven
Hungary,Robinsonside
Netherlands,Port Heatherfurt
French Southern Territories,Gardnerside
Panama,Holderburgh
Sweden,Donaldton
French Guiana,West Cindy
Saint Vincent and the Grenadines,New Alyssastad
Cameroon,New Bradleymouth
Congo,Valdezland
United States Virgin Islands,Navarroborough
Kazakhstan,West Tonya
Holy See (Vatican City State),Greenton
Myanmar,West Cassandraside
Venezuela,North Anthony
Papua New Guinea,Summerton
Cayman Islands,Jeffreyview
Pakistan,Cynthiaville
Liechtenstein,East Mark
Sri Lanka,Tatechester
Kyrgyz Republic,West Nancyhaven
Zimbabwe,Grantshire
Tanzania,Rachelport
Chad,Phillipsfurt
Brazil,Lake Lisa
Equatorial Guinea,Roachbury
Palestinian Territory,Donaldhaven
Jordan,New Samanthaport
Bulgaria,Hollandbury
Switzerland,Stephenfurt
Cote d'Ivoire,Port Austin
Belize,West Heidi
United States Minor Outlying Islands,Port Anthony
Malawi,Cindystad
Montserrat,Coopertown
Sri Lanka,Stephenshire
United Kingdom,Mullenburgh
Congo,Camachoshire
Cote d'Ivoire,Alishaside
Paraguay,South William
Senegal,Port Erika
Bangladesh,New James
Vietnam,Port Natalie
Oman,Bradleyview
North Macedonia,North Alisha
Latvia,East Ginamouth
Cape Verde,Port Danielle
Tanzania,Ashleymouth
Swaziland,Westmouth
Fiji,Port Aaron
Lithuania,East James
Portugal,Meyerville
Papua New Guinea,Lake Samuel
Finland,Jamesberg
Poland,Lake Jenniferstad
United States Minor Outlying Islands,Evanmouth
Cameroon,Garcialand
British Indian Ocean Territory (Chagos Archipelago),Mooretown
French Guiana,Port Bryan
Saint Lucia,Marioton
Korea,Timothyside
Czech Republic,Peterport
Niger,Stephaniefort
Anguilla,Lake Valeriebury
Iraq,Harrisport
Sweden,Josephstad
Turkmenistan,Dixonfurt
Lao People's Democratic Republic,Morrismouth
Nicaragua,Port Melissaberg
Togo,New Allen
Ukraine,North Katelyn
Sierra Leone,Daniellemouth
Korea,Lake Blakeport
India,Reneebury
Greece,Allenbury
Sri Lanka,West Danielchester
New Zealand,New Josephstad
Norway,South Nicoleview
Tuvalu,Krauseport
Senegal,Lake Katieside
Rwanda,Blackburnburgh
Portugal,New Julie
Jersey,North Christiebury
Bahrain,Gardnerbury
Yemen,Christopherchester
India,East Christina
Ethiopia,Christophertown
Switzerland,North Christopherfurt
Cyprus,Port Danny
Nauru,Paulbury
Taiwan,East Grant
Portugal,West Christinafurt
Ireland,Martinezview
Antarctica (the territory South of 60 deg S),Lake Kaitlynberg
Tajikistan,North Joshua
Nicaragua,Benjaminport
Lebanon,North Scott
Norfolk Island,Jonesberg
United States Minor Outlying Islands,New Jamestown
South Africa,Port Noah
Ethiopia,Garciaport
Tokelau,North Jasminemouth
Chad,Martinland
Saint Barthelemy,North Matthew
Uruguay,New Vanessa
Senegal,South Jonside
Lao People's Democratic Republic,Willismouth
Belarus,Wheelermouth
Honduras,South Arthur
Hong Kong,Port Jacquelineview
Armenia,Barreraberg
Lesotho,Schwartzmouth
Malaysia,Lake Dianeville
Guam,Castanedahaven
Bahrain,Port Latoyatown
Saint Helena,New Alexatown
Turks and Caicos Islands,Michealside
Bhutan,West Johnburgh
Panama,Port Williamberg
Mayotte,East Zachary
Cuba,Hebertside
Belgium,East Christopher
Tunisia,West Ericfort
Tokelau,Davisview
Greenland,Lake Brian
French Guiana,North Joshuaton
Isle of Man,West Adam
Paraguay,South Brittanyville
Lao People's Democratic Republic,Beanmouth
Andorra,East Jennifer
El Salvador,Marystad
Taiwan,Warnerport
United Kingdom,Lake Mandy
Liechtenstein,East Jacobhaven
Sweden,North Christy
Saint Kitts and Nevis,Nguyenhaven
Saint Barthelemy,Lake Richard
Liechtenstein,Lake Miguelberg
Guadeloupe,Petersonton
Senegal,Garciaborough
Cote d'Ivoire,North Jessica
Bahrain,Keithbury
Guatemala,West Drew
Comoros,New Brian
Guyana,Velezberg
Isle of Man,Lake Matthew
Niger,Port Tricia
Iceland,West Wyatt
Saudi Arabia,Colleenchester
Armenia,Lake Stephanie
Bouvet Island (Bouvetoya),Vaughnborough
Netherlands,Johnsonside
Antigua and Barbuda,Port Belindamouth
Madagascar,North Ashley
Gabon,Jamesland
Panama,South Lindsaystad
Georgia,New Brett
Mongolia,East Ericland
Seychelles,Lewischester
Uganda,Rodriguezhaven
Ireland,East Dale
Spain,Anthonyton
Heard Island and McDonald Islands,Port Michael
Montserrat,Garrettstad
Zimbabwe,Jasonport
Namibia,North Lisa
Lebanon,Andrewchester
Ethiopia,South Courtneyview
Andorra,Lake Timothyside
Mauritius,South Paul
Gambia,East Matthewburgh
Australia,Christinestad
Panama,East Ericahaven
Liechtenstein,West Ryantown
Malaysia,Benjaminbury
Martinique,New Ryanburgh
Sri Lanka,Barnesside
Chile,Barbarahaven
Qatar,Patrickfort
Uruguay,Heatherville
Sri Lanka,Lake Jordan
Burundi,Veronicatown
Latvia,West Lori
Lithuania,Stevenbury
Bolivia,Jamesville
Reunion,East Charles
Northern Mariana Islands,Christinetown
Guadeloupe,Claireshire
Venezuela,Janiceton
United States of America,Danielfort
Puerto Rico,South Haroldchester
French Polynesia,Port Kylemouth
Guatemala,Faithchester
Myanmar,Ambertown
Qatar,South Kristenside
Thailand,North Michelle
Burkina Faso,Johnsonport
Singapore,Port Julia
Sao Tome and Principe,Whiteborough
Senegal,North Dustin
Andorra,Kimfurt
Saint Pierre and Miquelon,North Billy
Thailand,Meltonport
Grenada,South Kennethtown
Ireland,Port Paulberg
Cuba,Torreshaven
Equatorial Guinea,Holdenshire
Fiji,West Kayla
Chad,Jillland
French Polynesia,South Joshualand
Sao Tome and Principe,Port Andreaborough
Namibia,Lake Patriciaton
French Southern Territories,Frystad
Panama,Lake Aaronmouth
Portugal,Davidberg
Palau,Port Emily
Monaco,Combsstad
Vietnam,Byrdstad
Luxembourg,East Andrew
Svalbard & Jan Mayen Islands,Rhodesshire
Moldova,New Christina
Seychelles,Thompsonchester
Saint Pierre and Miquelon,East Michelle
Luxembourg,Mcgeeshire
United Arab Emirates,North Cory
Mongolia,North David
Guernsey,Kimtown
Guam,North Davidside
Antigua and Barbuda,East Kelly
Taiwan,Frazierburgh
Jamaica,North Carlaberg
Madagascar,Gonzalezshire
United States Virgin Islands,Janethaven
Cayman Islands,Port Ashleyfurt
Switzerland,Moralesborough
El Salvador,Port Joshua
Tunisia,Katherinefurt
Australia,Port Taylor
Fiji,South Mitchellfort
Reunion,Cameronmouth
Antarctica (the territory South of 60 deg S),Lake Debrafort
Slovakia (Slovak Republic),Brittanyside
Saint Helena,Petersenfurt
Japan,East Christophershire
Guam,Robertsside
Palestinian Territory,West Christineton
Haiti,Danielhaven
United States Virgin Islands,West Karenport
New Zealand,Madelineview
Samoa,Dianaport
Gambia,Lake Aaronside
Marshall Islands,North Ericaport
Yemen,Margaretstad
Comoros,Howardside
Norfolk Island,East Andreaville
French Southern Territories,Richardsonborough
Faroe Islands,Sandraburgh
United Arab Emirates,Beckfort
Rwanda,West Scott
Mayotte,East Christine
Botswana,Christianberg
Micronesia,South Jasminemouth
Taiwan,Port Harry
Portugal,Barnesview
Mauritania,Wilsonshire
Egypt,Mooreton
Bhutan,North Ryan
Brazil,Lake Brian
Taiwan,Princeview
Venezuela,Chelseamouth
Romania,Laneburgh
Guam,Andersonhaven
Niue,Wigginsland
Liberia,Carterfort
Dominican Republic,East Jamesshire
Heard Island and McDonald Islands,Phillipsborough
Malaysia,West Christine
Guinea,Lake Nathaniel
Benin,Lake Derek
Malta,Stevenland
Netherlands Antilles,North Robertville
Tanzania,Benjaminbury
Swaziland,Jordanborough
Guinea-Bissau,Donaldfurt
Guernsey,North Annaside
Kazakhstan,Bryanfort
Oman,South Annette
Cyprus,North Elizabeth
Saint Kitts and Nevis,New Kellymouth
Canada,Lake Kelly
Jordan,Guerreroborough
Bolivia,Mannchester
Bouvet Island (Bouvetoya),Meganport
Austria,North Michael
Samoa,West Joshuamouth
Slovakia (Slovak Republic),South Jessica
Kyrgyz Republic,Harrisfurt
Malaysia,Stephenschester
Pakistan,North Debraborough
Maldives,Lake Kathyborough
Norfolk Island,Port Josephhaven
Iran,Hamptonfurt
Spain,Katrinaland
Bhutan,Caseyburgh
Falkland Islands (Malvinas),Brandybury
Greenland,Vincentshire
South Georgia and the South Sandwich Islands,New Nicholas
Austria,East Jason
Mozambique,Ruizborough
Taiwan,Lake Alyssamouth
Cote d'Ivoire,Taylorville
Belize,Trujilloville
Lao People's Democratic Republic,South Kara
Namibia,Smithland
Maldives,West Kylefort
Burkina Faso,Tonymouth
France,Lake Nathan
Colombia,Cindyfort
Barbados,Allisonberg
Italy,East Staceybury
Uruguay,Maureenberg
Iran,New Shawn
Papua New Guinea,Taylorton
Djibouti,East Christopherfurt
Egypt,Lake Hannah
Uruguay,Lake Mark
Guyana,Dianetown
Mali,Lake Lorichester
Greenland,New John
Bermuda,Lambertmouth
New Caledonia,South Joshuabury
Syrian Arab Republic,Welchberg
Fiji,Port Christopherside
South Africa,West Tonyaberg
Myanmar,South Kimberlyview
Grenada,Tinachester
Pakistan,Kennedybury
Philippines,East James
Gabon,Wilsonfurt
Turkmenistan,Paulfurt
Lesotho,North Kyle
British Indian Ocean Territory (Chagos Archipelago),West Ashleymouth
Mongolia,East Matthew
Papua New Guinea,Garciachester
Iceland,Hernandezberg
Vanuatu,Emilybury
Namibia,Lake Christopher
Monaco,Clarkside
Namibia,Pierceshire
Nicaragua,South Kenneth
Malta,North Gregoryborough
Nepal,Martinezfurt
Bahamas,Tateberg
Bermuda,Diaztown
Moldova,Stevenburgh
Cameroon,Smithborough
Algeria,Zacharyland
Solomon Islands,West Jessica
Faroe Islands,Solisport
France,South David
Madagascar,Lake Marybury
Montenegro,Woodburgh
Equatorial Guinea,Lake Barbaraborough
Guadeloupe,Erinberg
Equatorial Guinea,North Tina
Italy,South Robert
United States Minor Outlying Islands,Joshuafurt
Northern Mariana Islands,East Brianberg
Japan,New Sarahfort
Burundi,Paultown
Latvia,Clementston
New Caledonia,Lydiaburgh
Brazil,West Sara
Somalia,North Benjamin
Antigua and Barbuda,Port Thomasside
Mauritius,New Biancafurt
Vanuatu,Tammymouth
Seychelles,Haneymouth
Ghana,Shelbyside
Taiwan,Lindastad
Faroe Islands,Sanchezfort
Congo,Williamburgh
Trinidad and Tobago,Santosshire
Cocos (Keeling) Islands,East Aaronside
Albania,Winterschester
Burkina Faso,Port Sharonstad
Mayotte,East Jamiemouth
Qatar,New Nicoleborough
Bosnia and Herzegovina,Staceyhaven
Bulgaria,Davisside
Congo,South Kirsten
Mozambique,Lake Benjamin
Antarctica (the territory South of 60 deg S),Richardview
Jersey,Carriestad
Niue,Crystalmouth
Albania,Kleinstad
Bolivia,Andersonberg
New Caledonia,Port Matthewland
Singapore,East Michaelchester
Bangladesh,Jeremychester
Peru,West Laura
Suriname,Christopherland
Singapore,Sarahport
Taiwan,Wangfurt
Belize,Caseyland
Solomon Islands,Port William
Congo,Hallberg
Ethiopia,East Tyler
French Guiana,Jessicaton
Malta,New Timothy
Myanmar,Port Paulburgh
Gambia,East Jennifer
Palau,West Michelleland
Cuba,Obrienton
United Kingdom,Karenside
Djibouti,Kathrynbury
Montenegro,Lake Erica
American Samoa,Bowershaven
Trinidad and Tobago,Armstrongshire
Sao Tome and Principe,Christinafurt
Australia,Howardfort
Luxembourg,Lake Johnstad
Cook Islands,Alexandraton
Saudi Arabia,Loganmouth
Australia,Perrymouth
Bhutan,South Kyleburgh
Korea,Gardnerbury
Jordan,Donaldton
Mauritius,Comptonland
Wallis and Futuna,Stephenmouth
Thailand,Doylemouth
Slovakia (Slovak Republic),Port Amanda
Mauritania,Michelleview
Central African Republic,Port Ashley
Jamaica,East Jeffshire
Holy See (Vatican City State),Jacksonburgh
Bosnia and Herzegovina,East Shannon
Angola,Amandatown
Bangladesh,North Devin
Djibouti,New Lisaton
Bulgaria,East Anthony
Nauru,East Beverly
Turkey,New Stephanieshire
Zambia,West Ashley
Germany,New Marilyn
Nigeria,East Richard
Malaysia,North Carlhaven
Guyana,Hendersonberg
Sao Tome and Principe,Palmerborough
Philippines,New Danielle
Germany,Thorntonchester
Pitcairn Islands,Georgeshire
Paraguay,Wellsland
Bangladesh,West Logan
Hong Kong,Richardmouth
Turks and Caicos Islands,Burkehaven
Israel,Mistyburgh
Lao People's Democratic Republic,East Billymouth
Qatar,East Alan
Burundi,Brandontown
Dominica,South Robert
Tajikistan,East Matthew
Cocos (Keeling) Islands,South Sarahland
Kyrgyz Republic,Scottmouth
Barbados,Smithstad
Slovenia,Brennanville
Brunei Darussalam,Port Jeffberg
Grenada,East Richard
Sierra Leone,Jacksonbury
Gibraltar,Port Lindamouth
Maldives,Lynchmouth
United States Virgin Islands,West Michaelville
Tunisia,Arthurberg
Fiji,Morrischester
Spain,Laurieburgh
Uzbekistan,Sancheztown
Mozambique,Lake Jamesbury
Swaziland,Benderberg
Swaziland,Burnsstad
Tuvalu,Lake Tracyland
Indonesia,Millerberg
Hong Kong,Richardbury
Cameroon,Fosterside
Azerbaijan,Rachaelberg
French Guiana,West Jesse
Tokelau,Hughesborough
Palau,Timothychester
Slovakia (Slovak Republic),Knappport
Western Sahara,Sanchezfort
Senegal,Lake Lindsayville
Germany,South Dianaborough
Anguilla,Byrdmouth
Madagascar,Lake Michaelborough
Qatar,Aaronview
Greenland,Kimberlyfurt
Czech Republic,West Tinatown
Tunisia,Port Lorettaburgh
Mozambique,Lunatown
Israel,Robertbury
Mayotte,Kaylaburgh
Montserrat,Guzmanmouth
Saint Pierre and Miquelon,West Patricia
Antigua and Barbuda,North Ronald
North Macedonia,Port Eric
Aruba,West Johnburgh
Cameroon,New Molly
Cook Islands,North Sandraberg
Italy,North Johnnyhaven
Reunion,South Emmaburgh
Croatia,East Frankmouth
Palau,Cisnerostown
Iraq,Robertmouth
Dominican Republic,New Kyle
Solomon Islands,Browntown
Lebanon,West Elizabethside
Faroe Islands,Lake Jacqueline
Mexico,East Angelaburgh
Angola,Thomasland
Bhutan,Port Brianfort
Mongolia,West Mary
Liberia,Davidtown
Bouvet Island (Bouvetoya),Colonton
Korea,West David
Georgia,Port Johnmouth
Djibouti,New Kathryn
United States Virgin Islands,Samuelton
Burundi,Jenniferland
Niue,Rogersmouth
Swaziland,Moraleston
Cambodia,Cooperberg
Central African Republic,West Karenfurt
Hungary,Port Angela
United Arab Emirates,East Annaside
Indonesia,Tamarachester
Holy See (Vatican City State),Hobbsburgh
Holy See (Vatican City State),Lake Brett
Lesotho,Taylormouth
Armenia,Lake Lynn
Mali,East Thomasbury
Greenland,Marieville
Dominica,Chapmantown
Philippines,New Johnny
Honduras,South Kimberlyside
Iraq,Kerrfort
Bhutan,New Jake
Tokelau,East Brandyberg
Turks and Caicos Islands,Jefferyport
Western Sahara,East Kimberly
Cambodia,New Emilyton
Guyana,West Rachael
Yemen,Johnsonshire
Swaziland,East Alexandra
China,South Danielfort
Algeria,Jessicaland
Argentina,Lake Christopher
Saint Vincent and the Grenadines,North Zachary
Denmark,Padillaberg
Cuba,Wheelerland
United Kingdom,Youngland
Svalbard & Jan Mayen Islands,South Caseyberg
Angola,Alexandermouth
Macao,South Amyport
Iran,Lake Robert
Pakistan,Donfort
Ecuador,Lake Richardport
Kiribati,Larsonfurt
Macao,South Robertmouth
Belize,New Tracy
Heard Island and McDonald Islands,Matthewberg
Papua New Guinea,Alexaburgh
Korea,New Charles
Iceland,East Haley
Peru,Thomasburgh
South Georgia and the South Sandwich Islands,Ashleymouth
Guatemala,New Brianna
Libyan Arab Jamahiriya,Lake Kelsey
Malawi,Kristinchester
Falkland Islands (Malvinas),Wigginsfurt
Guatemala,Port Sarahchester
Latvia,New Stacyton
Vietnam,Codyshire
Norfolk Island,Lake Katherineton
Serbia,South Benjamin
Saint Barthelemy,Tabithaborough
Palau,East Robertshire
Canada,New Jonathanstad
Guinea-Bissau,North Samueltown
Saudi Arabia,East Kenneth
New Caledonia,Lisaview
Timor-Leste,Fritzstad
Germany,Grantview
Sierra Leone,Raymondview
Vietnam,Karenville
Honduras,New Joelborough
Bolivia,Jacobbury
Malaysia,Perezville
Panama,East Antonioside
Lithuania,West Belinda
Sweden,East Brianstad
Cayman Islands,North Ashley
Barbados,Karenburgh
Eritrea,East Lisa
Tanzania,Port Micheleshire
Italy,North Erinberg
Madagascar,Daleport
Turkey,Lake Andres
Albania,New Marvinburgh
Eritrea,Jessicachester
Netherlands Antilles,New Christian
Niger,Goodwinshire
Canada,West Rebeccaberg
Jordan,Port Joshuaview
Serbia,Lake Jayview
Ghana,Helenstad
United Arab Emirates,Smithchester
United Arab Emirates,Jonland
Congo,Jameschester
Somalia,Trevinoborough
Romania,Lake Julie
Burkina Faso,New Ruthbury
Tunisia,East Breannaside
Suriname,South Tracey
Togo,Lake Kristen
Switzerland,Port Sonia
Cambodia,West Ericberg
Cambodia,Cooperhaven
Kazakhstan,Margaretport
Marshall Islands,Michaelland
Mayotte,Smallport
Greenland,Port Coltonberg
Congo,Josephbury
Gibraltar,Roblesfort
Mexico,New Jeffreyport
Congo,New Melissaborough
Bolivia,Lake Julianfurt
Guyana,Michaelport
Iraq,Michelletown
Gabon,Lake Ann
Bosnia and Herzegovina,West Shannon
Austria,Lake Abigail
Greenland,Tammymouth
United States Minor Outlying Islands,West Stephanie
Botswana,Port Kyleport
Kenya,Smithfurt
Qatar,Kelleyland
Bolivia,Skinnerhaven
Bhutan,East Jimmyland
Central African Republic,New Sara
Kenya,Josephstad
Syrian Arab Republic,Lake Sydneyfort
Senegal,South Annburgh
Bolivia,Martinezstad
Angola,Lake Johnberg
Northern Mariana Islands,East Andrewton
Afghanistan,East Jacqueline
Congo,New Steven
Solomon Islands,Lewisborough
Sao Tome and Principe,Port Antonioshire
Liberia,South Thomasport
Ukraine,Chavezmouth
Australia,North Beverlyview
Saint Martin,Brownton
Montserrat,South Kimberly
Armenia,Lake Denise
Turks and Caicos Islands,Lake Bianca
Western Sahara,Lauraville
Azerbaijan,East Kathy
Thailand,West Maria
United States Minor Outlying Islands,Port Reneechester
Fiji,Bennettmouth
Mozambique,Lake Katelyn
Philippines,North Janet
Moldova,Crawfordville
Micronesia,Arnoldborough
El Salvador,South Markhaven
Kuwait,East Kimberlyton
Lesotho,North Ryanberg
Sierra Leone,Moorehaven
Mayotte,Stephanieland
Bouvet Island (Bouvetoya),Sallybury
Mauritania,Ruiztown
British Virgin Islands,West Clinton
Sweden,Port Kellyside
Greenland,New Connieton
Sweden,West Arthurburgh
Western Sahara,Melissamouth
Saint Pierre and Miquelon,Lindafurt
Bhutan,North Derekchester
Estonia,North Christineport
Belgium,West Christopher
Samoa,Morriston
Albania,Lake Jennifer
Kazakhstan,Daviston
Saudi Arabia,Gilbertfort
New Zealand,Cainchester
Bhutan,New Ericfurt
Madagascar,South Sean
Iraq,North Jessicaton
British Indian Ocean Territory (Chagos Archipelago),Michaelburgh
Qatar,South Chadchester
Greece,New Melanie
Niue,Port Kevinshire
South Georgia and the South Sandwich Islands,Gonzaleshaven
Papua New Guinea,Heathmouth
Serbia,East Rachel
American Samoa,Sarahaven
Ghana,Gutierreztown
Puerto Rico,Ortizstad
Bahamas,Martinezfort
South Africa,West Amyport
Burkina Faso,South Laurenchester
Fiji,Brandontown
Antigua and Barbuda,Stephentown
Argentina,East Jenniferburgh
Saint Kitts and Nevis,Stevenborough
Haiti,Pattonberg
Congo,West Briannafort
Costa Rica,New Steven
Morocco,Bettyville
Benin,West Benjamin
Anguilla,Cainbury
Western Sahara,North Jennifer
Bermuda,South Caitlintown
Nigeria,South Anthony
Monaco,Craigland
Burundi,Hancocktown
Iran,Greenberg
Belarus,Zacharychester
Colombia,East Michaelside
Macao,Youngshire
Cyprus,Cannonhaven
Denmark,New Kevinview
Jamaica,Lake Mary
Algeria,Miguelstad
Micronesia,Robertsfort
Italy,Gileshaven
Dominica,New Vincentfort
Jersey,Williamsonberg
Guinea-Bissau,New Williamport
Honduras,Melindabury
Albania,Port Patricia
Saint Martin,North Teresamouth
Monaco,Michellechester
Papua New Guinea,North Stevenview
Kazakhstan,Nealville
Malaysia,South Brandonburgh
United States Minor Outlying Islands,East Angelicamouth
Hong Kong,Douglasborough
Greenland,Lake Heathertown
Paraguay,Olsenstad
Bahrain,Randyside
Netherlands,Stevenhaven
Saint Helena,Schwartzville
Korea,Dawnhaven
Turkey,Davisberg
Algeria,South Jordanport
Netherlands,Johnnyfort
Timor-Leste,Ryanmouth
Gambia,Port Destinyfort
Dominica,Smithburgh
Japan,East Pamela
Nauru,South Jean
Guernsey,North Michelle
Oman,Josephhaven
Zambia,West Jon
Somalia,West Jessicastad
Brunei Darussalam,North Scott
Papua New Guinea,Port Charles
Honduras,East Alexa
Russian Federation,Jacksonville
Angola,Jaclynchester
Comoros,West Andrewville
Congo,Trevinoburgh
South Africa,Hernandezbury
Ukraine,Josephfurt
Qatar,Charlesborough
Antigua and Barbuda,West Aaronport
South Georgia and the South Sandwich Islands,Bowersburgh
Vietnam,New Jacquelinetown
Palestinian Territory,Nicholasmouth
Turkmenistan,Townsendbury
Cocos (Keeling) Islands,Harpermouth
Solomon Islands,New Nicoleshire
Montserrat,Mcbridechester
Norway,Vincentmouth
Pakistan,Lake Diane
Malta,New John
Romania,Mikeview
Nicaragua,West Nancyborough
El Salvador,Lake Ambermouth
Martinique,Port Christopherhaven
Costa Rica,Theresaberg
Angola,Leonbury
Papua New Guinea,Robertborough
Antigua and Barbuda,Wendyport
Armenia,Charlesborough
China,Davisbury
Haiti,Murraybury
Niger,West Sarah
Algeria,South Brooke
Seychelles,New Edward
Honduras,East Jessica
Maldives,New Christopherfurt
Timor-Leste,Ronaldberg
Japan,Martinstad
Liechtenstein,Thompsonstad
Lao People's Democratic Republic,Brianfurt
Denmark,New Rickystad
Belgium,New Ashleyside
Croatia,Samanthaborough
British Indian Ocean Territory (Chagos Archipelago),Charlesborough
Tajikistan,Desireemouth
Vanuatu,Lake Melanie
Peru,Gravesview
Puerto Rico,East Travisfurt
Puerto Rico,Audreymouth
Netherlands Antilles,Dylanbury
Libyan Arab Jamahiriya,Melissaland
Serbia,Wrightville
Sri Lanka,Robertport
Saint Martin,Dariusshire
Lithuania,Fowlerport
Montenegro,North Sheliaburgh
Norway,Wilsonhaven
Christmas Island,North Edward
Cote d'Ivoire,Bradleymouth
Haiti,Jasonside
Nepal,North Timothy
Cuba,North Katherine
Falkland Islands (Malvinas),Port Melissa
Martinique,Lake Isaacport
Denmark,West Jon
Turks and Caicos Islands,Williamsville
Reunion,Port Justin
France,Jesseview
Tokelau,Lake Susanmouth
Cape Verde,West Anthonymouth
Nigeria,Lake Lisaport
Qatar,North Michael
Reunion,Sarachester
Turkey,Lake Stacey
Angola,Pittmanville
Saint Vincent and the Grenadines,Matthewside
Sudan,West Danny
Faroe Islands,Brooksville
Belgium,East Rebecca
Guam,Lake Thomasport
Lao People's Democratic Republic,North Tara
Malaysia,Nicoleview
Croatia,Lake Ericstad
Tonga,Chenstad
Ireland,Lake Carl
Cocos (Keeling) Islands,South Steven
Tonga,Jacksonville
United States of America,Carlsonmouth
South Georgia and the South Sandwich Islands,Lake Derekhaven
Timor-Leste,West Sarah
Togo,East Nathanside
Liechtenstein,Carlsonborough
Benin,West Toddton
Saint Vincent and the Grenadines,New Brianberg
Netherlands Antilles,West Paulborough
Kiribati,Port Eugene
Monaco,Christopherland
Estonia,Port Autumn
Marshall Islands,South Sydney
France,Moniquefort
Central African Republic,Gonzalezshire
Lebanon,West Matthew
Pakistan,New Danielle
Pakistan,Robertfurt
Costa Rica,Shepherdland
United Kingdom,Autumnton
Netherlands Antilles,Thompsonshire
Central African Republic,New Richard
Guyana,Port Barryland
Dominican Republic,Obrienland
Lesotho,Batesport
France,Briannafurt
Suriname,Lake Bianca
Finland,Debbiefort
Christmas Island,Ashleymouth
French Polynesia,South Monica
Canada,West John
Bulgaria,Gabrielmouth
Australia,Stephenview
Bahrain,West Tina
Paraguay,Rebeccahaven
Papua New Guinea,New Austin
Palau,Lake Justin
Cayman Islands,West Lukestad
Kuwait,Murillomouth
Israel,New Teresa
Tanzania,South Ambermouth
Lebanon,New Claudia
Netherlands,Robinsonshire
Ireland,Steventon
Antigua and Barbuda,Port Jill
Sierra Leone,Port Alexandra
Liberia,Orrberg
Switzerland,Lake Debra
Myanmar,New Ashleyview
El Salvador,East Erikamouth
Lesotho,West Leslieborough
Montenegro,Jasonfurt
Cote d'Ivoire,Michellefurt
Spain,Juliaville
Azerbaijan,Josephville
Bosnia and Herzegovina,South James
Philippines,Justinborough
Gambia,New Josephstad
Tonga,New Douglas
Myanmar,Lake Williamborough
Macao,Schmidtfort
North Macedonia,Kennethville
South Georgia and the South Sandwich Islands,Andersonstad
United States Minor Outlying Islands,Millermouth
Palau,West Melissaburgh
Romania,Lopezberg
Madagascar,Port Jessica
Sudan,Williamsstad
Saint Martin,Davisport
New Zealand,South Luisside
Malta,North Shawn
Rwanda,Jonesbury
Kyrgyz Republic,East Kevinview
Nepal,North Kaylaport
Solomon Islands,West David
French Southern Territories,Port Pennybury
Palestinian Territory,Moralesstad
Tanzania,Phillipsberg
Slovenia,West Scottfort
Montenegro,North Sarah
Cambodia,West Robertton
Chad,Lake Jasonfort
Seychelles,Lake Jessica
Belarus,Moorebury
Croatia,Crosbyburgh
Kuwait,East Daniel
Papua New Guinea,South Garrettside
Poland,North Christian
United States of America,Thompsonfort
Mexico,Rayberg
Tajikistan,Ericburgh
Angola,Davisfurt
Mayotte,Barnettshire
Netherlands Antilles,East Claire
Hungary,Jameshaven
Tajikistan,West Jacob
Australia,Cruzchester
Vanuatu,Johnstonfurt
Macao,Shepherdview
French Southern Territories,Chavezchester
Panama,West Kyleton
Marshall Islands,Stokesmouth
China,North Chad
Belgium,West Joanneton
Turks and Caicos Islands,Lake Heatherland
Lao People's Democratic Republic,Steelefort
Paraguay,West Joel
Bahamas,Krauseburgh
Ghana,Davidshire
Sudan,Brandonberg
British Indian Ocean Territory (Chagos Archipelago),Williamport
Nigeria,North Kylechester
Lebanon,Richardview
Belgium,North Kathleenfort
Indonesia,Williamstad
Singapore,Burkechester
Ireland,New John
Belarus,Port Jacquelineborough
Bulgaria,East Williamfurt
Israel,Samanthafurt
French Southern Territories,Ramirezmouth
Bangladesh,Paulamouth
Barbados,Stephenland
Honduras,West Michael
Monaco,Baileytown
Saudi Arabia,Lake Laurenville
Mongolia,Lake Maryshire
Zambia,Lake Kristin
British Virgin Islands,Daleside
China,East Donald
Mauritius,Christinemouth
Zimbabwe,Weisston
Equatorial Guinea,Thomasview
Andorra,Calderonmouth
Saint Helena,Claytonton
Turkmenistan,Jasmineberg
Vietnam,South Timothy
Italy,Michaelview
Cook Islands,West Juliaside
Norway,New Joseph
Lithuania,Owensmouth
Guatemala,Port Danielleland
Congo,New Michael
Brazil,Thomaschester
United States Virgin Islands,North Jeffrey
Georgia,Davidton
Senegal,Michellemouth
Cocos (Keeling) Islands,South Jillian
Greenland,South Cynthia
El Salvador,Rodriguezview
Namibia,Roberthaven
Turkmenistan,Annafort
Papua New Guinea,Velezborough
North Macedonia,Jonburgh
Senegal,Cooperbury
Cote d'Ivoire,Franktown
Bosnia and Herzegovina,Kristenstad
Faroe Islands,Port Carolyn
Niue,Farrellmouth
Antarctica (the territory South of 60 deg S),Lake Melissa
Korea,South Laura
Slovenia,New Lisa
Malaysia,Galvanport
Mayotte,West Troy
Rwanda,Halemouth
Ukraine,Mcdonaldfurt
Portugal,Danielshire
Tuvalu,Wayneport
Holy See (Vatican City State),New Anthonymouth
Brazil,Port Laura
Norfolk Island,Ashleyborough
Honduras,New Theresabury
Slovakia (Slovak Republic),Bernardville
Kenya,Port Andre
Palau,Ericaview
Palestinian Territory,Molinabury
New Zealand,Wilsonbury
Moldova,West Ravenland
Indonesia,Port Davidville
Sierra Leone,New Nicholas
Iraq,Lake Christophershire
Tonga,Lake Breannashire
American Samoa,Eugenebury
Mozambique,South Alexafort
Lithuania,Burnstown
Cape Verde,Port Julie
Denmark,North Scott
Montserrat,Cameronville
Hong Kong,New Dana
Oman,Port Jeffrey
Hungary,Antonioland
Papua New Guinea,Lake Cynthiamouth
Fiji,Lake Christinamouth
Ethiopia,New Robert
Indonesia,Lake Daniel
Algeria,East Rachelmouth
Cook Islands,South Christopher
Malawi,Port Jamestown
Lao People's Democratic Republic,Jennifertown
Mali,North Danielton
Yemen,New Michaelfurt
Antarctica (the territory South of 60 deg S),Estradaville
Romania,Danabury
American Samoa,Hollystad
Russian Federation,Williamston
China,Johnsonshire
Mozambique,Williamsside
Tuvalu,Julieborough
Tunisia,Wandaview
Zambia,East Jill
Iran,Port Lindsey
Cook Islands,Keithshire
Tanzania,Scottview
Kuwait,Jamesmouth
Turks and Caicos Islands,Port Angelaton
Djibouti,Vaughnland
Algeria,Combsshire
Cuba,North John
Zimbabwe,North Shawntown
Bolivia,Michaelhaven
France,New Patrickfort
Maldives,East Joshua
Uganda,East Randall
Yemen,Michaelbury
El Salvador,Carlfort
Antigua and Barbuda,Lake Jill
Azerbaijan,New Davidshire
Suriname,Kyleside
Burkina Faso,Williambury
Benin,Thompsonshire
Philippines,East Sara
Cape Verde,Hicksville
Guinea,Shawland
Lebanon,Tanyafurt
Spain,South Glenntown
United Arab Emirates,Gutierrezfort
French Guiana,Lynnville
Nepal,East Terri
Martinique,Annamouth
Malawi,Lake Emilyton
Macao,Nicolemouth
Papua New Guinea,Jillside
Indonesia,Brownborough
Isle of Man,Ramirezland
Finland,Anthonyburgh
Malaysia,New Christopher
New Caledonia,Lake Dylanbury
Panama,East Josephton
Mongolia,Port Davidberg
Pakistan,Lake Jacqueline
Holy See (Vatican City State),Wendybury
American Samoa,Francismouth
Falkland Islands (Malvinas),Lynchfort
Martinique,Lake Davidside
Colombia,Lake Ricardo
United Kingdom,North Shannon
Heard Island and McDonald Islands,West Antoniomouth
Niue,New Stephanie
Nauru,North Brandy
Saint Kitts and Nevis,West Nicholas
Greece,Caseychester
Guernsey,Port Michealstad
Yemen,South Paula
Norfolk Island,New Colin
Russian Federation,Port Erichaven
Malawi,Port Alexshire
Gibraltar,Kentfurt
Saint Vincent and the Grenadines,East Jacqueline
Isle of Man,Mooreburgh
Uruguay,Torresside
United Arab Emirates,Blakeside
South Africa,East Mallory
Rwanda,Sherryfort
Cook Islands,Lake Timothyhaven
Barbados,Port Williamville
Pakistan,North Brianport
France,Crawfordbury
Tunisia,Katherineside
Saint Helena,Katherinestad
Armenia,Lake Amybury
Aruba,South Shawn
Cook Islands,Caseystad
Andorra,Powersborough
Angola,Mayfurt
Israel,New Pamelamouth
Martinique,Parkshire
Canada,Travisstad
Croatia,Garciatown
Malta,Lake Maryport
Aruba,Martinezmouth
Estonia,Jamesbury
Madagascar,Vargasport
Maldives,South Rodney
Nigeria,South Nicoleborough
Bahamas,North Barbarahaven
Hungary,New Nicholas
Colombia,Hortonfort
Macao,Mariachester
Benin,Emilyfort
French Guiana,Richardsside
Spain,Richardfurt
Australia,Sandraville
Bhutan,Port Jacobton
Western Sahara,Lake John
Puerto Rico,Rodgerschester
Luxembourg,Christineton
Bulgaria,Clarkmouth
Trinidad and Tobago,Port Manuel
Hong Kong,North Joshuabury
Reunion,East Lauren
Holy See (Vatican City State),Kevinberg
Dominica,Brianport
Madagascar,Fordchester
Kiribati,North Kimberly
United Arab Emirates,North Angela
Nigeria,Bakertown
Sweden,Davidmouth
Comoros,East Jennastad
Northern Mariana Islands,Jamiefort
Australia,Lake Don
Cyprus,Pennybury
Suriname,Phyllischester
Finland,Williamchester
Australia,West Victoriaburgh
Lithuania,Anthonyport
Martinique,Lake Linda
Andorra,South Amyfurt
Hungary,Cookview
Hungary,North Lindamouth
Morocco,Herreramouth
Trinidad and Tobago,South Kyleview
Bahamas,Chanburgh
Libyan Arab Jamahiriya,Wagnerport
Bolivia,Beckerton
Papua New Guinea,Nancyland
Gibraltar,West Derek
Poland,East Sheilaberg
Haiti,South Benjamin
Israel,Lake Dianastad
Mauritania,Mariaside
Somalia,New Jaredtown
Cape Verde,South Erin
Svalbard & Jan Mayen Islands,Colleenburgh
Iraq,Cassandraville
Wallis and Futuna,Port Thomasberg
Thailand,Morganshire
Comoros,Port Elizabeth
Djibouti,New Albert
Greenland,New Ashley
Angola,Alexanderton
Myanmar,West Earl
Tonga,Lake Dakota
Congo,Port Deborahville
Central African Republic,Hillburgh
Svalbard & Jan Mayen Islands,Patricktown
Serbia,New Cheryl
Burkina Faso,Thomasberg
Azerbaijan,West Lucas
Niue,Mackmouth
Maldives,South Michelleside
Andorra,South John
Jamaica,South Jamesland
Gibraltar,Lake James
Dominica,Lake Megan
Argentina,Robleshaven
Somalia,North Pamela
Uruguay,Burnettborough
Guinea,South Allison
Nigeria,New Crystal
Eritrea,Richardview
Australia,Stoutview
Guam,West Jenniferstad
Norway,Grahamton
Bahamas,West Erinshire
Sri Lanka,Carolfurt
Afghanistan,Wesleyburgh
Switzerland,Singhtown
Nepal,Robertbury
Barbados,North Danieltown
Hong Kong,South Richardville
United States of America,Davisburgh
Liberia,East Jamesport
Papua New Guinea,West Molly
India,South Patrickchester
Hong Kong,West Christophertown
Pitcairn Islands,Thompsonfurt
Greenland,Jacksonbury
Malta,Sabrinabury
United States of America,West Christian
Suriname,East Pamelafurt
Oman,East Kelsey
United Arab Emirates,East Tyler
Nepal,New Andreaport
Saint Vincent and the Grenadines,Sandrahaven
Burkina Faso,New Justinmouth
Fiji,New Justinfurt
Zambia,East Roger
Jersey,Port Jason
French Southern Territories,West Devinside
Mauritius,West Aaron
Aruba,Melanieport
Nigeria,West Davidfort
Azerbaijan,Carsonside
Lithuania,West Nicholas
San Marino,Marychester
Cook Islands,North Megan
Romania,North Christopher
Lebanon,Trevortown
Falkland Islands (Malvinas),East Robert
Ukraine,South Natalie
Rwanda,Port Emily
Finland,East Brittanyside
Uzbekistan,Danielschester
Guam,North Dominiqueton
Cambodia,Stacyview
Costa Rica,Oliverview
Turkey,Weberfurt
French Southern Territories,Hoganmouth
San Marino,Port Christinamouth
Nigeria,Baileymouth
Tunisia,East Kevinside
Czech Republic,West Chadmouth
Martinique,Jonathantown
Saudi Arabia,Walterstad
Singapore,Crawfordside
Slovenia,Caroltown
Guyana,East Amber
Mexico,Maryview
Aruba,South Richardland
Malawi,South Meredithview
New Caledonia,North Alisonshire
Iran,West Anthony
Chad,East Charlesmouth
France,Nicolemouth
Mexico,West Richardton
Bahamas,Smithbury
Mauritania,North Mary
Japan,South Amanda
Philippines,New Laura
Dominican Republic,East Chrismouth
Uganda,Aliciamouth
Chad,Michaelchester
Anguilla,North Danieltown
Puerto Rico,East Keithtown
Cambodia,Kristenburgh
Sao Tome and Principe,Wallaceport
Armenia,North Justinchester
El Salvador,Kelleyberg
Egypt,Donaldville
Guinea,Ryanstad
Croatia,Dawnburgh
Tanzania,Jamesborough
Saint Martin,Martinezmouth
Malawi,North Crystal
Comoros,Patriciaberg
Tajikistan,Lake Benjamin
Zambia,South Josephville
Saint Pierre and Miquelon,South Michelle
Czech Republic,New Jasonhaven
Niger,Christianchester
Fiji,East Melissaburgh
Mozambique,New Michaela
Iran,Bryanview
Greenland,Elizabethberg
Netherlands Antilles,Port Marcushaven
Benin,Katelynport
South Georgia and the South Sandwich Islands,Hallhaven
Pitcairn Islands,West Mariahshire
Nicaragua,Lake Apriltown
Liberia,Angelaborough
Djibouti,New Heather
Wallis and Futuna,Gateschester
Botswana,West Kellymouth
Bosnia and Herzegovina,Kingberg
Egypt,South Marcia
Sudan,Juarezchester
Togo,Schwartzchester
Honduras,New Kylestad
Burkina Faso,Lake Cynthia
American Samoa,Joshuahaven
Bahrain,Josephborough
San Marino,Jerrymouth
Sri Lanka,Kington
Norfolk Island,Port Diane
Mozambique,Port Katie
Liechtenstein,South Amandafurt
Togo,Schmidtfort
Sweden,South Daniel
Saint Lucia,Port Lanceburgh
Malta,East Brittanyfurt
Iran,Lake Joyceview
Honduras,Lake Ashley
Luxembourg,Port David
American Samoa,East Jesse
Senegal,Port Elizabeth
Faroe Islands,South Robertmouth
Serbia,Jerryside
Fiji,New Adamport
Cayman Islands,Masonside
Reunion,Kristashire
Chad,Jillburgh
Dominican Republic,Port Melissaview
Mexico,Billyshire
Iraq,East Kathleenport
Saint Kitts and Nevis,Lake Melanie
Estonia,Froststad
Mozambique,New Johnnyview
Latvia,Jillfort
Morocco,Murphyhaven
Belize,North Jennifer
Lesotho,Jillport
United Kingdom,Port Gabrielberg
Tonga,Carrillohaven
British Indian Ocean Territory (Chagos Archipelago),Theodoremouth
United Arab Emirates,Matthewton
Jordan,South Charlesfort
Puerto Rico,Port Christinehaven
Jamaica,Jacobbury
Ecuador,Robertsonland
Cambodia,Stewarttown
American Samoa,East John
Djibouti,Thompsonside
Burundi,Danielport
Oman,Port Cherylstad
Ecuador,New James
Reunion,Taylorborough
Greenland,West Caitlyn
Western Sahara,Port Jeffrey
Guadeloupe,Beardstad
Senegal,North Tina
Saint Lucia,Lake Adrianafort
Saudi Arabia,South Jill
Qatar,North Garyland
Belgium,North Chelsea
Israel,Brockberg
Cocos (Keeling) Islands,New Amberton
Ukraine,East David
Chad,New Laurenfort
Mali,Geraldchester
Central African Republic,South Nicholasbury
Lao People's Democratic Republic,Mendezburgh
Vietnam,Jacksonmouth
Morocco,West Amychester
Belarus,Ortizstad
Georgia,Brianport
Palau,Port Abigailmouth
Chad,North Elizabethview
Liechtenstein,North Tracyview
Afghanistan,Andreborough
Lithuania,East Juanville
Georgia,Port Destinyhaven
Samoa,Hernandezstad
Bahrain,Lake Rita
Haiti,Reginaberg
Monaco,New Russell
Luxembourg,Wilsonmouth
Western Sahara,Lake Robert
Togo,Barbaramouth
Chile,West Allen
Heard Island and McDonald Islands,Gonzalesmouth
Puerto Rico,East Tylerburgh
Belarus,Aliciabury
Cook Islands,East Mauricehaven
Malawi,Nicoleport
Greenland,Johnsonbury
Somalia,New Lisa
Saint Kitts and Nevis,Port Alexandraview
Comoros,Gonzalesfort
Japan,Youngfurt
Uzbekistan,East Joshuaview
Comoros,Lake Alexisfort
Botswana,Brianborough
Mauritania,East Joelland
Sierra Leone,East Juan
Mexico,South Dennismouth
Bahamas,Howellchester
Colombia,Stevensonfort
Korea,Myershaven
Finland,Joycebury
Qatar,Brittneyborough
Dominica,Lake Elizabethtown
Moldova,Ronaldburgh
Algeria,Haasshire
Guyana,Murraybury
Switzerland,North Shannonmouth
Lao People's Democratic Republic,West Ann
Latvia,East Emily
United Kingdom,North Timothy
Montserrat,Michaelstad
Guinea,South Alicia
Spain,South Amy
Estonia,North Richard
Thailand,North Amandachester
Korea,Port Amanda
Brazil,Sarahfort
Uruguay,Ronaldborough
Jamaica,South Keithfort
Zimbabwe,South Jenniferfort
Ukraine,West Janeburgh
Holy See (Vatican City State),Johnside
Gabon,Danielleview
Italy,Carlsonhaven
Vanuatu,East Matthew
Tuvalu,Ruizchester
Congo,Floydbury
Svalbard & Jan Mayen Islands,Fitzpatrickborough
Monaco,Cameronshire
Oman,Cooktown
Guinea-Bissau,Bonnieton
Kenya,Maureenstad
Reunion,West Krystal
Belize,Port Mariaburgh
Australia,East Robert
Bermuda,Rivasmouth
Honduras,Jonesbury
Romania,East Joanne
Cocos (Keeling) Islands,East Carriebury
Kyrgyz Republic,Woodville
Latvia,Tiffanymouth
Grenada,Lake Colleenfurt
Maldives,South Franklin
Cape Verde,Lake Nicholas
Germany,Port Jeffrey
Gibraltar,New Jason
Svalbard & Jan Mayen Islands,Cameronhaven
Saint Lucia,Davistown
Macao,South Shawnshire
United Kingdom,North Julie
United States Virgin Islands,Ericside
Northern Mariana Islands,Coleland
Finland,Port Jonathanside
Sudan,Rebeccabury
Puerto Rico,New Taylor
Saint Barthelemy,Port Yvette
Panama,Lake Kathryn
Poland,Grossbury
Kyrgyz Republic,Lake Austin
Anguilla,Angelaborough
Belgium,Lewisview
British Virgin Islands,Jamestown
Andorra,New Antonioside
Qatar,Anthonyborough
Azerbaijan,New Jennifermouth
Mauritius,East Erika
Solomon Islands,New Kellyburgh
Malta,Brownside
Mozambique,Owenstown
